Rank,Company,Total Income (Cr),Net Income (Cr),Profit (Cr),Profit % of Revenue,Cash Balance (Cr),Total Debt (Cr),Total Assets (Cr),Net Worth (Cr),RONW%,ROCE%,Employees,Avg M-Cap (Cr),TSR%
1,Reliance Industries,922391,901064,69621,7.6%,97225,458991,1396970,793481,10.5%,10.5%,347362,1921959,7.7%
2,LIC,860795,845966,40916,4.8%,41824,0,5252252,82937,63.3%,1%,98661,610044,48.8%
3,Indian Oil Corporation,780509,776352,41730,5.4%,3159,132628,326519,183416,26.7%,21.2%,30321,225021,35.9%
4,ONGC,610642,591447,49221,8.1%,36690,153181,570448,337070,18.4%,17.3%,15804,339534,33.5%
5,State Bank of India,594575,439189,67085,11.3%,326572,5606147,6746909,387384,19%,1.1%,232296,681659,46.8%
6,Bharat Petroleum Corporation,453373,448083,26859,5.9%,6286,54599,132680,75635,41.6%,31.3%,8613,129995,59.3%
7,Tata Motors,446155,437928,31399,7%,45807,107263,233348,84918,48.8%,17.4%,60113,341566,15.2%
8,HDFC Bank,407995,283649,64062,15.7%,228835,3107503,4035827,456395,17.6%,2%,213565,1206302,14.8%
9,Tata Consultancy Services,245315,240893,45908,18.7%,13286,8021,100873,90254,51%,62.9%,631858,1457160,16.4%
10,ICICI Bank,236038,159516,44256,18.8%,162769,1651008,2369248,253033,19.4%,2%,141009,795592,37.2%
11,Tata Steel,226665,229171,-4437,NAP,8678,87082,192994,90426,NAP,6.6%,78052,190622,15.8%
12,Larsen & Toubro,224364,221113,13059,5.8%,15358,116322,220573,86359,17.7%,14.5%,57265,487289,15.6%
13,Hindalco Industries,216194,215962,10155,4.7%,14437,56356,170742,106146,10.1%,10.7%,39899,140666,31.7%
14,NTPC,183892,178501,20812,11.3%,6847,237131,411639,160709,13.9%,10.3%,16360,349388,49.2%
15,JSW Steel,179686,175006,8812,4.9%,12348,87948,171044,77669,12.5%,13.5%,13301,217274,25.7%
16,Infosys,158381,153670,26233,16.6%,14786,8359,99185,76012,37.1%,44.7%,317240,687264,30.1%
17,Bharti Airtel,154127,149982,7467,4.8%,16340,215592,334054,82019,17.1%,13.7%,14322,795530,60.8%
18,Coal India,152241,142324,37402,24.6%,30235,6523,175327,82730,52.1%,30.5%,228861,278603,31.5%
19,Vedanta,149898,143727,4239,2.8%,4327,87706,138531,30722,10.7%,17.6%,97015,143149,110.5%
20,Maruti Suzuki India,146584,141858,13488,9.2%,2827,119,89061,85636,16.8%,21%,12515,369650,6%
21,Mahindra & Mahindra,143831,139078,11269,7.8%,12013,106626,195075,66191,20%,13.8%,24405,290780,84.6%
22,Bank of Baroda,141779,118379,18767,13.2%,100290,1453761,1658278,119712,16.4%,1.2%,74227,129611,25.5%
23,Canara Bank,139165,110519,15279,11%,151165,1369780,1535018,83015,19.3%,1.1%,82638,97414,26.2%
24,Axis Bank,137989,112759,26386,19.1%,116493,1295302,1518924,157024,18.4%,1.8%,104332,352974,14%
25,GAIL,135968,133228,9899,7.3%,1712,21794,105597,76997,14%,13.7%,14840,129350,53.2%
26,Nayara Energy,134371,133114,12321,9.2%,6035,13496,59258,43491,33.3%,33.3%,NAVL,NAP,NAP
27,Grasim Industries,132498,130978,5624,4.2%,4649,137144,360056,88652,11.9%,8.2%,25929,161029,28.7%
28,Punjab National Bank,123222,109065,9107,7.4%,131400,1451811,1600024,102081,9.3%,0.6%,102349,125722,29.7%
29,Union Bank of India,118188,100376,13797,11.7%,119646,1251568,1404784,91953,16.7%,1%,75866,100853,9%
30,HCL Technologies,111365,109913,15702,14.1%,20150,5758,77476,68263,23.5%,28.6%,237248,427344,43.4%
31,Bajaj Finserv,110391,110382,8148,7.4%,12387,288933,392708,60329,29.2%,13.2%,139000,265169,1.2%
32,Steel Authority of India,110239,105378,3067,2.8%,673,36323,102478,57101,6.4%,7.3%,45314,55065,26.9%
33,Samvardhana Motherson Intl.,99070,98692,2716,2.7%,6986,19922,50474,26155,12.4%,13.1%,38491,102405,86.4%
34,Kotak Mahindra Bank,94274,56237,18213,19.3%,65206,520374,767914,129972,14.8%,2.6%,77923,353299,-2.6%
35,Wipro,92363,89760,11045,12%,9695,16465,96637,74533,14.6%,16.4%,234054,259072,38.5%
36,Power Finance Corporation,91586,91508,19761,21.6%,3389,861961,996250,101147,28.6%,10.2%,545,149235,47.4%
37,ITC,74225,70881,20459,27.6%,7218,303,76065,74507,28.9%,37.3%,55246,570174,10.5%
38,Hyundai Motor India,71441,69829,6060,8.5%,9017,833,13507,10666,39.5%,46%,5672,147605,-4.9%
39,Interglobe Aviation,71226,68904,8172,11.5%,16721,51280,64843,1996,-809%,19.5%,36860,148333,51.3%
40,Bank of India,67489,61073,6564,9.7%,83123,821572,925922,63706,11.2%,0.8%,50944,55766,0.9%
41,Tata Power Company,64981,61449,3696,5.7%,9152,53689,108084,32355,14%,10.5%,23652,129656,55.9%
42,Indian Bank,64232,55650,8419,13.1%,42177,711096,796825,54273,16.7%,1.1%,40251,69303,27.4%
43,Hindustan Unilever,62911,61896,10277,16.3%,7559,1484,59444,51218,20.3%,25%,7215,596499,-1.2%
44,Adani Power,60281,50351,20829,34.6%,7212,34431,84098,43145,57.1%,30.1%,3315,235962,35.1%
45,Toyota Kirloskar Motor,56801,55866,4787,8.4%,11108,3378,12519,8232,77.3%,61.7%,NAVL,NAP,NAP
46,Adani Enterprises,55723,52744,3240,5.8%,7068,65310,121412,39076,9.1%,8.9%,2814,347248,31.3%
47,IndusInd Bank,55144,45748,8977,16.3%,36907,432197,515985,62912,15.3%,1.8%,45637,112582,-32.5%
48,Titan Company,54289,51084,3496,6.4%,1526,15528,25212,9393,32.9%,22.5%,8680,313038,-4.9%
49,Petronet LNG,53338,52729,3652,6.9%,7414,3008,21160,17410,21.6%,24.8%,271,44992,64.7%
50,Tech Mahindra,52923,51996,2358,4.5%,4736,2537,32296,26669,8.8%,11%,128151,137526,41%
51,Avenue Supermarts,51619,50789,2536,4.9%,638,592,19299,18698,14.6%,19.5%,13971,287848,0%
52,Jindal Steel & Power,50557,50354,5938,11.8%,4024,16472,62635,44316,14.3%,13.1%,6371,91016,36.7%
53,Nabard,49615,49222,6304,12.7%,37840,789347,912496,97973,6.7%,0.7%,3134,NAP,NAP
54,Sun Pharmaceuticals Industries,49595,48497,9576,19.3%,10521,3274,71294,63667,16.1%,17.2%,19530,378120,48.4%
55,Adani Wilmar,49571,49302,148,0.3%,2810,2628,11536,8316,2.2%,9.2%,2678,45375,4.9%
56,Ashok Leyland,47336,46543,2484,5.3%,7080,40802,53889,9005,30.7%,15.4%,9607,60397,31.6%
57,Power Grid Corporation of India,47001,45843,15573,33.1%,7495,123516,215096,87145,18.3%,12.7%,8316,276894,54.9%
58,Bajaj Auto,46650,44870,7708,16.5%,955,1912,30912,28962,26.4%,33.4%,9816,252698,69.7%
59,Max Financial Services,46618,46580,340,0.7%,906,523,4892,3866,8.1%,8.6%,NAVL,35639,30.4%
60,GIC,46557,45375,6686,14.4%,24855,0,85692,41935,16.7%,12.1%,429,63788,39.7%
61,New India Assurance Company,43691,43676,1116,2.6%,14320,0,45489,21844,1.4%,0.4%,11940,38993,14.1%
62,UPL,43581,43098,-1200,NAP,6036,29754,63065,24807,NAP,3.8%,4328,40651,-3.4%
63,Vodafone Idea,43520,42652,-31238,NAP,536,243809,147444,-104167,NAP,0%,16084,81830,-48.8%
64,Tata AIA Life Insurance Company,42845,41051,107,0.3%,1051,976,100342,3798,3.3%,0.1%,NAVL,NAP,NAP
65,IFFCO,41525,39330,2443,5.9%,3144,7144,33396,19772,13.1%,13.5%,NAVL,NAP,NAP
66,TVS Holdings,40635,40248,800,2%,3170,26232,33224,2840,58.6%,16.8%,NAVL,21523,107.4%
67,TVS Motor Company,39575,39145,1686,4.3%,2426,26006,33818,6784,29%,15.1%,4385,109060,40.9%
68,Hero MotoCorp,38455,37789,3745,9.7%,696,606,18942,17699,21.8%,28.4%,9225,97845,45.4%
69,Jindal Stainless,38221,38562,2713,7.1%,1988,6052,20932,14358,20.5%,22.2%,5287,56554,30.5%
70,MMTC-PAMP India,37699,37808,457,1.2%,211,8,957,900,67.4%,60.2%,NAVL,NAP,NAP
71,Shriram Finance,36413,36388,7366,20.2%,11173,195496,245173,48947,16%,11.3%,74645,99829,45.7%
72,IDFC First Bank,36257,30325,2942,8.1%,12481,251506,296390,32274,9.6%,1.1%,41141,56853,-22.3%
73,Asian Paints,35952,35495,5460,15.2%,1084,2474,22396,18728,32%,37.8%,14854,289412,-20.2%
74,Central Bank of India,35663,30849,2668,7.5%,37608,405554,448611,28290,9.9%,0.6%,31610,51322,16%
75,Ambuja Cements,34537,33160,3577,10.4%,11069,699,51801,41455,13%,16.5%,4330,134211,30.9%
76,Hindustan Aeronautics,34263,30381,7621,22.2%,26432,50,41820,29138,28.9%,26.3%,23766,264715,91.8%
77,Sidbi,34241,33610,4822,14.1%,33544,511961,560586,34147,15.2%,1%,NAVL,NAP,NAP
78,Oil India,33513,32466,6335,18.9%,5937,24041,79142,48339,19.9%,18.1%,6492,71402,134.2%
79,Yes Bank,32961,27606,1285,3.9%,19318,346737,406362,42155,2.5%,0.3%,28099,70443,-4.2%
80,Aurobindo Pharma,30505,29002,3173,10.4%,6278,6648,36776,29843,11.2%,13.5%,37596,72382,23.9%
81,IDBI Bank,30421,26446,5788,19%,26009,294448,364580,43140,14.3%,1.7%,18292,89947,25.7%
82,EID Parry,30277,29413,900,3%,2917,1740,13002,7058,24.6%,29.8%,1250,12147,56%
83,Indus Towers,30090,28601,6036,20.1%,63,20531,50918,27039,25.1%,21.3%,3554,85721,67.9%
84,Indian Overseas Bank,29731,24066,2666,9%,18815,316509,351869,24839,6.8%,0.8%,21475,110114,23.9%
85,Dr. Reddys Laboratories,29601,28011,5578,18.8%,1728,2002,30595,28255,21.6%,26.6%,21757,104374,7.1%
86,Capgemini Technology Services India,28750,27786,3246,11.3%,1774,862,21812,20710,17.1%,21.5%,165762,NAP,NAP
87,Adani Ports & SEZ,28210,26711,8111,28.8%,7632,49167,106973,52778,16.5%,12%,2919,285673,60%
88,Torrent Power,27544,27220,1833,6.7%,419,11632,26022,12062,16.4%,14.5%,6987,68341,94.6%
89,LIC Housing Finance,27278,27277,4759,17.5%,1655,252618,284098,31477,16.2%,8.8%,2396,35235,33.3%
90,Federal Bank,26782,23565,3880,14.5%,19194,277615,318376,30105,15%,1.3%,15212,41706,36.7%
91,Indian Railway Finance Corporation,26656,26645,6412,24.1%,467,412039,461217,49179,13.7%,5.7%,NAVL,198234,83.5%
92,Cipla,26458,25774,4122,15.6%,875,559,27621,26706,16.6%,22.3%,40993,117944,18.5%
93,Cholamandalam Fin. Holdings,26087,25830,1773,6.8%,4548,134014,156138,10242,42.9%,11.6%,39747,25088,40.5%
94,MRF,25670,25169,2081,8.1%,345,2822,20120,16703,13.3%,16.5%,19209,55818,8.7%
95,Nestle India,25370,25172,3933,15.5%,779,345,6618,3341,108.5%,69.2%,4200,241875,-8.3%
96,Apollo Tyres,25301,25378,1722,6.8%,922,4905,19779,13899,13%,15.4%,17985,31432,12.2%
97,UCO Bank,25120,21854,1672,6.7%,29025,288461,323548,24216,7%,0.5%,21456,60124,8%
98,Bharat Heavy Electricals,24940,23893,282,1.1%,6157,8856,42506,24439,0.9%,2.3%,46034,88329,58%
99,Reliance Infrastructure,23972,22805,-1609,NAP,2081,9895,31092,8747,NAP,0%,5312,8807,39.1%
100,HSBC,23915,19962,5436,22.7%,18100,237199,297106,40768,14.3%,1.8%,NAVL,NAP,NAP
101,Bank of Maharashtra,23509,20495,4072,17.3%,30312,278445,307342,18427,24.9%,1.4%,13499,42026,18.1%
102,Patanjali Foods,23345,23117,765,3.3%,834,1049,11284,10205,7.6%,11.1%,4197,57930,34.6%
103,Godrej Industries,23263,16601,60,0.3%,3510,28996,44218,8001,6.4%,6.7%,1050,29734,54.1%
104,Rail Vikas Nigam,23180,21889,1574,6.8%,3113,6033,15522,8746,19.7%,17.6%,394,76537,153.6%
105,NMDC,22772,21308,5571,24.5%,12364,3359,30613,25656,23.1%,28.3%,1647,66901,34.8%
106,National Fertilizer,22366,23560,150,0.7%,38,4091,8440,2554,5.9%,5.3%,1362,5485,55.9%
107,Jindal Saw,21656,20958,1677,7.7%,895,5727,15289,10093,17.7%,20%,7517,17791,29.3%
108,Standard Chartered Bank,21648,16787,3730,17.2%,13376,165269,237130,37938,10%,1.6%,NAVL,NAP,NAP
109,Bharat Electronics,21500,20268,3985,18.5%,11057,63,17497,16326,26.1%,32.6%,17665,179696,95.2%
110,Bharat Sanchar Nigam,21317,19344,-5367,NAP,14075,18625,141097,106626,NAP,0%,NAVL,NAP,NAP
111,Tata Communications,21253,20969,968,4.6%,842,11263,16390,1786,30.6%,12.1%,7144,52539,1.2%
112,Shree Cement,21207,20521,2396,11.3%,422,1656,22598,20703,12.2%,14.6%,7498,94526,-7.3%
113,Nuclear Power Corpn. of India,21206,18600,6523,30.8%,5058,90757,155063,61619,9.1%,6.6%,10576,NAP,NAP
114,Bandhan Bank,21034,18870,2230,10.6%,16171,151574,178126,21610,10.8%,1.3%,75748,32508,-21.8%
115,Indian Potash,21013,20946,1258,6%,614,4575,14189,9516,-7.9%,4.8%,NAVL,NAP,NAP
116,NCC,21000,20845,711,3.4%,1150,980,7890,6640,11.6%,22.2%,12761,16645,63.4%
117,Skoda Auto Volkswagen India,20774,18960,96,0.5%,995,2882,10745,5190,3.5%,3.1%,NAVL,NAP,NAP
118,ACC,20660,19959,2336,11.3%,1863,355,16840,16330,15.3%,18.6%,3884,45567,20%
119,ICICI Lombard GIC,20602,20487,1919,9.3%,335,35,12985,11960,17.2%,21.9%,13670,86752,28.1%
120,Lupin,20599,20011,1914,9.3%,1203,2922,18016,14290,14.5%,15.3%,18649,79055,70.6%
121,Siemens,20371,19554,1961,9.6%,7651,175,13880,13087,15.9%,20.4%,8888,211209,85.8%
122,Zydus Lifesciences,20108,19547,3860,19.2%,1105,804,24274,19830,20.6%,23.9%,21722,97618,49%
123,Citibank N. A.,20037,15411,6237,31.1%,65940,197672,259856,43822,14.8%,2.6%,NAVL,NAP,NAP
124,KEC International,19978,19914,347,1.7%,273,3985,8106,4096,8.8%,16%,6621,20403,68.5%
125,Kalyan Jewellers India,19858,18548,597,3%,975,4486,8720,4189,15.2%,14%,11177,49409,113.8%
126,Kalpataru Power Transmission,19673,19626,510,2.6%,1032,4008,9742,5138,10.5%,14.6%,8441,17832,85.6%
127,Cholamandalam Investment & Finance Company,19420,19163,3420,17.6%,4394,134475,154068,19593,20.1%,10.4%,38241,108595,10.4%
128,Apollo Hospitals Enterprise,19201,19059,899,4.7%,934,5333,12754,6928,14%,15.4%,18669,91078,23.5%
129,Quess Corp,19168,19100,278,1.5%,545,838,4139,2799,10.5%,10.6%,2534,9118,33.9%
130,Polycab India,18682,18039,1784,9.6%,402,161,8561,8187,24.3%,32.2%,4666,89286,22%
131,Havells India,18596,18590,1271,6.8%,3038,303,7853,7447,18.1%,24.1%,6822,103673,27.5%
132,Infiniti Retail,18303,17833,-987,NAP,47,3632,8352,-597,NAP,0%,NAVL,NAP,NAP
133,Bosch,18301,16727,2491,13.6%,2593,39,12273,12057,16%,20.3%,3516,89091,66.2%
134,Eicher Motors,18256,16536,4001,21.9%,146,419,19216,18046,24.2%,30%,16550,121176,28.2%
135,APL Apollo Tubes,18202,18119,732,4%,348,1144,4904,3605,22.2%,24.5%,1493,42412,-12.2%
136,Tata Capital,18198,18178,3327,18.3%,6996,148512,173094,23417,16.3%,9.2%,NAVL,NAP,NAP
137,Chambal Fertilisers & Chemicals,18151,17966,1276,7%,133,1794,9161,7274,17.8%,21%,1089,17257,53.3%
138,Tata Projects,18045,17761,80,0.5%,702,5543,8499,2852,1.3%,7.8%,NAVL,NAP,NAP
139,Tube Investments of India,17899,16890,1201,6.7%,1227,896,8994,5100,38%,26.6%,3233,75053,8.3%
140,Rain Industries,17841,18141,-938,NAP,2006,8690,17479,7343,NAP,1.9%,1476,5583,6.5%
141,Dixon Technologies,17827,17691,368,2.1%,209,480,2298,1695,25.2%,28.4%,1522,58427,172.1%
142,Rashtriya Chemicals & Fertilizers,17714,16981,225,1.3%,353,3297,8178,4606,4.2%,6%,NAVL,9237,26.9%
143,Honda Cars India,17589,16462,661,3.8%,3537,2877,6042,2608,20.9%,20.3%,NAVL,NAP,NAP
144,Gujarat State Petronet,17542,17295,1660,9.5%,1400,140,14736,10825,21.5%,28.5%,407,19376,18.5%
145,Bombay Burmah Trading Corporation,17507,17109,684,3.9%,875,2161,8923,4676,39.9%,32.8%,296,13579,72.5%
146,CESC,17291,15293,1376,8%,2711,14544,29752,11446,13%,10.3%,6087,20317,80.9%
147,Adani Energy Solutions,17218,16607,1137,6.6%,2228,37070,52428,12642,9.8%,9.2%,4959,117936,19.1%
148,Exide Industries,17161,16770,877,5.1%,331,1123,14190,12886,7.4%,10.4%,4218,36126,47.6%
149,National Insurance Company,17117,16964,-187,NAP,980,895,6866,-995,NAP,0%,NAVL,NAP,NAP
150,Britannia Industries,16980,16769,2140,12.6%,446,2065,6127,3942,57.1%,48.4%,3380,128733,5.6%
151,PTC India,16896,16763,477,2.8%,2193,4327,10381,5142,10.5%,10.8%,108,6000,8.2%
152,National Stock Exchange Of India,16534,14780,8306,50.2%,29111,125,33530,23974,37.4%,37%,NAVL,NAP,NAP
153,Welspun Corp,16479,17340,1110,6.7%,1072,1930,7877,5597,22%,21.4%,1252,15880,27.4%
154,Biocon,16478,14756,1023,6.2%,2259,16277,43172,19783,6.9%,6.4%,4338,36960,38.7%
155,Apar Industries,16381,16153,825,5%,646,476,4380,3876,27%,43.9%,1659,30632,50.9%
156,Tata Chemicals,16353,15758,268,1.6%,645,5563,30600,22241,3.8%,7.5%,6203,27178,12.3%
157,Varun Beverages,16206,16043,2056,12.7%,460,5431,12735,6937,34.9%,27.8%,9973,186393,46.1%
158,Bharat Forge,15919,15682,951,6%,1690,7948,15609,7170,13.1%,12.6%,4003,64547,22.9%
159,Tata Consumer Products,15573,15206,1150,7.4%,2454,3477,22884,16057,9.3%,10.6%,3488,107042,2%
160,Tata Sia Airlines,15541,15191,-581,NAP,644,7498,22298,-87,NAP,0%,NAVL,NAP,NAP
161,Export-Import Bank of India,15464,14904,2518,16.3%,8470,154611,192322,23146,10.9%,1.4%,NAVL,NAP,NAP
162,RBL Bank,15454,12394,1260,8.2%,14423,117656,138459,14837,8.9%,1%,15606,14506,-30.4%
163,NLC India,15445,13074,1854,12%,746,22415,46259,16531,6.8%,6.1%,3681,33560,41.2%
164,Prestige Estates Projects,15173,7877,1374,9.1%,2558,13458,25437,11289,15.3%,15%,10956,60951,72.6%
165,Muthoot Finance,15163,15062,4324,28.5%,6272,68274,94028,25107,19.1%,13.4%,28286,67042,44.1%
166,Dalmia Bharat,14990,14691,826,5.5%,582,4805,21715,16397,5.3%,7%,5945,36741,-23%
167,JK Tyre & Industries,14985,15002,786,5.3%,770,4609,10157,4487,20.6%,17.3%,5681,10928,9.5%
168,Bengal & Assam Company,14943,12962,3892,26%,33,422,9663,9055,14%,15.6%,NAVL,9996,17.3%
169,Haldia Petrochemicals,14914,14392,-1028,NAP,2365,8375,24386,12211,NAP,0%,NAVL,NAP,NAP
170,PNB MetLife India Insurance Company,14772,14699,276,1.9%,217,400,48299,1729,13.7%,0.7%,NAVL,NAP,NAP
171,Rattanindia Power,14673,3364,8897,60.6%,462,3185,8757,4364,-117.8%,6.3%,443,6941,25.4%
172,Indraprastha Gas,14603,14000,1985,13.6%,2156,81,9795,9633,22.6%,28.8%,719,32601,-13.7%
173,ONGC Petro Additions,14392,14307,-3456,NAP,9,30415,27784,-2698,NAP,0%,NAVL,NAP,NAP
174,Godrej Consumer Products,14378,14096,-561,NAP,547,3222,15988,12599,NAP,18.9%,2702,131080,20.2%
175,Uno Minda,14377,14031,880,6.1%,254,1706,7115,4943,20.3%,20.9%,4710,49010,55.8%
176,Aditya Birla Fashion & Retail,14066,13996,-628,NAP,462,9450,16001,4034,NAP,0%,26965,27871,36%
177,Star Health & Allied Insurance,14026,14022,845,6%,445,470,6915,6384,12.8%,15.8%,15913,32787,-15.9%
178,National Aluminium Company,13973,13149,1988,14.2%,2575,96,15261,14388,12.2%,15.8%,1586,31516,168.1%
179,BASF India,13797,13767,563,4.1%,624,156,3462,3224,17.5%,22.4%,3139,20998,106.8%
180,Afcons Infrastructure,13647,13268,450,3.3%,666,2523,8139,3596,14.2%,16.6%,NAVL,17612,-1.4%
181,Kama Holdings,13560,13440,874,6.4%,583,5022,17345,6609,25%,20.3%,NAVL,8604,-9.1%
182,Trent,13529,12375,1487,11%,298,1753,6030,4068,27.2%,23.5%,25277,176910,140.6%
183,Shyam Metalics & Energy,13501,13195,1035,7.7%,50,597,10979,9647,12.2%,11.4%,3522,19037,78%
184,Mphasis,13496,13279,1555,11.5%,814,1544,11339,8795,18.6%,22%,24518,49969,19.9%
185,Adani Properties,13450,8751,3023,22.5%,1369,20242,128489,90872,2.3%,3.8%,NAVL,NAP,NAP
186,Allcargo Logistics,13422,13188,150,1.1%,559,1846,4509,2522,4.9%,3.5%,537,6808,-20.3%
187,Uflex,13421,13364,-691,NAP,1073,6947,14312,7225,NAP,6.4%,7384,3811,22.1%
188,Glenmark Pharmaceuticals,13246,11813,-1502,NAP,1659,1231,9619,7848,NAP,12.1%,12736,34141,89.2%
189,Voltas,13126,12481,252,1.9%,852,744,6715,5821,4.4%,8.4%,1938,45076,105.4%
190,Zomato,12966,12114,351,2.7%,731,749,21246,20413,1%,1%,4440,173324,129.2%
191,Alkem Laboratories,12964,12668,1796,13.9%,1579,1418,12770,10312,18.7%,18.3%,17277,63399,26.3%
192,Ircon International,12956,12331,930,7.2%,4984,2570,10433,5871,16.8%,15.1%,1201,21908,13.5%
193,Dabur India,12837,12404,1843,14.4%,666,1365,11742,9866,19.2%,23.1%,5369,100890,-5.5%
194,Summit Digitel Infrastructure,12820,12509,-3038,NAP,638,49166,44173,-14740,NAP,0%,NAVL,NAP,NAP
195,Waaree Energies,12536,11398,1237,9.9%,3779,553,6097,4088,34.4%,35%,NAVL,84176,33.3%
196,Dilip Buildcon,12416,12012,194,1.6%,736,7240,12042,4370,1.4%,10%,19081,6805,4.7%
197,Pidilite Industries,12397,12383,1729,14%,533,382,9103,8407,22.4%,29.3%,10124,150122,22.1%
198,SIS,12328,12261,190,1.5%,741,1658,4269,2414,8%,10%,163744,6327,-13.6%
199,AU Small Finance Bank,12301,10555,1535,12.5%,6376,92661,109426,12560,13%,1.5%,29738,47213,-21.1%
200,ATC Telecom Infrastructure,12163,10571,4204,34.6%,1436,4850,21065,9186,55.8%,34.7%,NAVL,NAP,NAP
201,Gokul Agro Resources,12139,11863,136,1.1%,437,604,1393,786,18.9%,23.3%,461,2546,151.1%
202,Shree Renuka Sugars,12119,11319,-627,NAP,54,5794,4407,-2446,NAP,0%,2132,9825,-20.7%
203,Jammu and Kashmir Bank,12051,11213,1771,14.7%,8196,137648,154505,10924,18.1%,1.2%,12849,13195,-16.1%
204,Ceat,12019,11943,643,5.4%,59,1792,5944,4043,17%,19.2%,6743,10666,33%
205,Amara Raja Batteries,12010,11708,934,7.8%,118,157,7218,6799,14.6%,18.8%,2361,20675,92.7%
206,JSW Energy,11957,11486,1723,14.4%,4207,31573,53271,20832,8.7%,8.7%,2500,103251,77.7%
207,J K Cements,11903,11556,791,6.6%,867,5549,11510,5367,15.7%,14.7%,4196,32395,12.6%
208,NHPC,11703,9660,3624,31%,3622,32561,84337,38702,10.7%,7.4%,3381,89394,51%
209,Swiggy,11646,11247,-2350,NAP,891,864,8724,-7782,NAP,0%,NAVL,97432,-7.9%
210,DCM Shriram,11629,11214,447,3.8%,672,2152,8980,6522,7%,9.2%,5843,15862,50.2%
211,HDFC Ergo GIC,11616,11606,438,3.8%,289,1075,5523,4152,10.9%,11.3%,NAVL,NAP,NAP
212,United Spirits,11458,11321,1408,12.3%,1269,265,7401,7121,21%,27.8%,2598,91894,39.3%
213,Serum Institute of India,11421,9549,4278,37.5%,1072,302,42099,41187,9.1%,11.5%,NAVL,NAP,NAP
214,Tata AIG General Insurance Company,11408,11381,685,6%,355,730,9706,4677,15.8%,13.2%,NAVL,NAP,NAP
215,Paradeep Phosphates,11310,11575,100,0.9%,118,4014,7604,3564,3.3%,6.7%,1467,6462,72.6%
216,Deutsche Bank,11234,9723,1977,17.6%,12824,102103,145235,24289,8.5%,1.4%,NAVL,NAP,NAP
217,Marico,11181,11094,1481,13.3%,943,528,5122,3832,39.4%,42.4%,1782,76380,15%
218,Berger Paints India,11179,11199,1168,10.5%,451,753,6240,5379,23.7%,27.2%,4445,64206,-17.3%
219,SEIL Energy India,11071,9832,2281,20.6%,174,6762,17308,10539,20.5%,21.1%,NAVL,NAP,NAP
220,Torrent Pharmaceuticals,11029,10728,1656,15%,839,4022,11333,6856,25.4%,23.2%,18467,95494,48.6%
221,Raymond,11025,9020,1638,14.9%,526,4181,9704,4617,43.7%,30.2%,2133,12882,38.1%
222,Barclays Global Service Centre,10969,10903,1017,9.3%,944,908,3651,1034,110.8%,45%,NAVL,NAP,NAP
223,LifeStyle International,10929,11215,292,2.7%,712,0,7791,2112,14.4%,14.1%,NAVL,NAP,NAP
224,Punjab & Sind Bank,10915,9694,595,5.5%,7383,129180,147744,14467,4.2%,0.4%,NAVL,38164,14%
225,ABB India,10775,10447,1242,11.5%,4816,49,6007,5945,22.8%,30.4%,3061,142526,53.2%
226,Adani Green Energy,10749,9220,1100,10.2%,8764,64858,83947,9834,16.9%,10%,3324,277241,57.3%
227,Mankind Pharma,10726,10335,1913,17.8%,1198,207,9929,9363,23.1%,27.9%,18428,89715,29.2%
228,Nuvoco Vistas Corporation,10700,10733,147,1.4%,107,4404,13664,8984,1.7%,5.4%,3849,12269,-4.7%
229,Abis Exports India,10646,10465,572,5.4%,14,2002,4398,2380,27.1%,21.8%,NAVL,NAP,NAP
230,NBCC,10572,10433,402,3.8%,5191,1,2691,2226,25.6%,30.9%,989,25208,101.1%
231,Mazagon Dock Shipbuilders,10568,9467,1937,18.3%,14210,1,6815,6243,32.9%,40.1%,946,65357,102.9%
232,One 97 Communications,10525,9978,-1417,NAP,5246,177,13656,13327,NAP,0%,28107,34751,-13%
233,IIFL Finance,10490,10471,1764,16.8%,4246,47161,59217,10637,20.1%,12.1%,14992,19837,-28.8%
234,Macrotech Developers,10470,10316,1549,14.8%,2635,7684,25349,17028,10.6%,10.8%,4611,118285,44.4%
235,PDS,10449,10373,144,1.4%,684,1054,2330,1167,18.3%,17.8%,4218,7027,-15.3%
236,Hexaware Technologies,10389,10380,998,9.6%,1784,79,5126,4635,22.8%,26.7%,NAVL,NAP,NAP
237,International Tractors,10341,9485,1739,16.8%,511,277,10453,10113,14.5%,18.7%,NAVL,NAP,NAP
238,Endurance Technologies,10340,10241,680,6.6%,505,765,5902,4977,14.5%,17.1%,4070,30555,45.4%
239,Piramal Enterprises,10332,10110,-1684,NAP,4447,53611,80168,26557,NAP,3.9%,219,21319,13.7%
240,Reliance Power,10320,7893,-2068,NAP,918,18766,32792,11614,NAP,0%,1277,11795,54.7%
241,Supreme Industries,10313,10134,1070,10.4%,1187,55,5200,5109,22.5%,29.4%,5565,61463,11.1%
242,Nirma,10285,10403,282,2.7%,1519,6811,18551,9504,2.5%,5.2%,NAVL,NAP,NAP
243,Supermarket Grocery Supplies,10230,10062,-1415,NAP,44,1582,3274,880,NAP,0%,NAVL,NAP,NAP
244,India Yamaha Motor,10147,9671,705,7%,1085,0,3182,3061,20.9%,29.2%,NAVL,NAP,NAP
245,South Indian Bank,10127,8613,1070,10.6%,10022,105831,117638,8826,13.8%,1%,9836,6760,0.8%
246,Ashoka Buildcon,10112,9798,503,5%,816,5388,14374,2220,23.5%,15.2%,2201,5549,61.2%
247,Welspun India,9983,9679,681,6.8%,255,2632,7735,4516,15.6%,15.4%,21929,15348,-8.9%
248,Persistent Systems,9950,9822,1093,11%,1023,451,5468,4958,24.5%,28.7%,21950,66688,75.1%
249,Karur Vysya Bank,9863,8204,1605,16.3%,5659,91591,105719,10040,17.2%,1.6%,8889,15717,42.3%
250,Balkrishna Industries,9851,9369,1471,14.9%,80,3099,12079,8854,17.9%,17.8%,2778,53030,10.7%
251,Vardhman Textiles,9777,9505,632,6.5%,88,1791,11012,9100,7.2%,8.8%,24929,13152,17.4%
252,Thermax,9717,9323,645,6.6%,975,1277,5887,4440,15.5%,17.9%,2843,51236,74.5%
253,Birla Corporation,9703,9663,421,4.3%,159,3903,11407,5743,7.8%,9.1%,3077,10989,-13.9%
254,Blue Star,9650,9685,415,4.3%,377,243,2920,2610,21%,24.8%,3992,30472,84.9%
255,Mahindra CIE Automotive,9632,9280,1125,11.7%,239,855,7047,5988,20.3%,17.7%,1604,19549,-6.4%
256,Karnataka Bank,9617,8299,1307,13.6%,7993,102457,116204,10343,14.5%,1.2%,8907,8388,-5.4%
257,Cummins India,9605,9000,1721,17.9%,1513,127,6934,6612,27.8%,33.8%,1356,87250,83.2%
258,Edelweiss Financial Services,9602,9523,421,4.4%,3331,20358,26407,4762,8.5%,11.8%,NAVL,7936,76.1%
259,GMR Airports Infrastructure,9542,8755,-559,NAP,2826,35887,41950,-2164,NAP,0%,182,64935,35.4%
260,Godrej Properties,9519,3036,725,7.6%,2920,10679,21012,9993,7.8%,6.3%,3015,73614,42.2%
261,The Ramco Cements,9442,9376,360,3.8%,137,4937,12261,7238,5.6%,8.1%,3647,20449,-8.9%
262,DBS Bank India,9409,7837,377,4%,9679,106430,129893,12579,3.3%,0.3%,NAVL,NAP,NAP
263,G R Infraprojects,9395,8980,1324,14.1%,740,3817,11437,7592,15.6%,16.9%,14432,13940,44%
264,Team Lease Services,9371,9322,112,1.2%,421,105,1053,798,14%,12.3%,2354,5039,6.1%
265,Gujarat State Fert. & Chemicals,9352,9155,564,6%,2303,5,13304,12727,4.6%,5.6%,2855,9211,5.6%
266,Escorts Kubota,9344,8850,1049,11.2%,1179,53,9298,9176,12.1%,16.1%,699,38514,7.4%
267,TVS Supply Chain Solutions,9329,9200,-101,NAP,597,2199,4114,1815,NAP,0%,3615,8218,-13.4%
268,Coforge,9240,9179,808,8.7%,335,726,4684,3627,24.9%,27.8%,14318,39283,42%
269,Concor,9211,8812,1261,13.7%,3296,914,12961,11823,11%,13.9%,1297,57306,6.1%
270,Manappuram Finance,8920,8848,2189,24.5%,3181,34320,45897,11548,20.7%,13.8%,22470,15614,2.6%
271,Sonata Software,8808,8613,309,3.5%,865,765,2199,1406,30.3%,31.8%,3750,18830,-19.4%
272,Hatsun Agro Product,8760,7990,267,3.1%,53,2698,4308,1572,17.7%,13.5%,2488,24980,-3.4%
273,Deepak Fertilizers,8743,8697,443,5.1%,361,4149,9740,5408,7.9%,10.7%,995,9513,115.1%
274,PNC Infratech,8731,8650,909,10.4%,1379,8025,14117,5185,19.2%,15%,8845,10974,-7.2%
275,Sammaan Capital,8625,8579,1214,14.1%,4424,48493,68285,19792,6.5%,10.1%,4358,10311,-13.4%
276,Piramal Pharma,8605,8171,18,0.2%,483,4710,12822,7911,0.2%,5.4%,4780,21877,111.1%
277,Delhivery,8603,8142,-249,NAP,403,1169,10379,9145,NAP,0%,23381,30511,-17.3%
278,Kansai Nerolac Paints,8554,7801,1185,13.9%,260,276,5899,5583,12.8%,16.6%,3784,23897,-17%
279,SpiceJet,8527,7085,-423,NAP,215,5379,359,-5217,NAP,0%,NAVL,4956,46.5%
280,P.N. Gadgil & Sons,8439,8451,136,1.6%,60,449,1179,669,22.4%,19.9%,NAVL,NAP,NAP
281,Gujarat Narmada Valley Fertilizers & Chemicals,8419,7930,497,5.9%,1529,3,9322,8309,5.6%,6.9%,2134,10127,-19.2%
282,Hero Fincorp,8360,8357,637,7.6%,158,46297,52069,5772,11.6%,8.7%,3509,NAP,NAP
283,Motherson Sumi Wiring India,8341,8328,638,7.7%,268,259,1985,1677,42.5%,46.8%,3418,29925,1.7%
284,Ismartu India,8327,8267,245,2.9%,9,44,685,531,56.6%,58.8%,NAVL,NAP,NAP
285,Divis Laboratories,8293,7845,1600,19.3%,3980,3,13611,13571,12.2%,16.4%,11107,116698,57.9%
286,KEI Industries,8241,8104,581,7.1%,700,166,3338,3148,20.2%,27%,1794,34556,33.8%
287,United Breweries,8230,8123,410,5%,214,102,4309,4178,10.1%,13.4%,1364,50275,20.2%
288,LT Foods,8227,7772,593,7.2%,50,917,4496,3372,19.5%,21%,1188,9223,61.4%
289,IRB Infrastructure Developers,8202,7409,606,7.4%,1763,18653,42556,13745,4.5%,6.8%,NAVL,35809,26.9%
290,SMFG India Credit Company,8083,8079,670,8.3%,2265,38935,44778,5843,12.1%,9.4%,NAVL,NAP,NAP
291,Prism Johnson,8034,7588,181,2.3%,506,2234,4627,1389,-3.4%,3.1%,10493,8786,10.7%
292,Ipca Laboratories,8028,7705,547,6.8%,297,1438,9253,6332,8.7%,12.9%,17335,32466,48.3%
293,HCC,8021,7007,478,6%,513,2223,3611,-168,NAP,10.9%,1049,6557,20.2%
294,RPSG Ventures,7995,7951,-42,NAP,689,4211,11888,2667,NAP,10.3%,106,2591,54.3%
295,Hudco,7948,7829,2117,26.6%,387,73996,90608,16613,13.2%,9.2%,621,43230,151.9%
296,Gemini Edibles & Fats India,7924,7433,362,5%,6130,5501,7953,2452,15.4%,11.9%,NAVL,NAP,NAP
297,PI Industries,7888,7666,1682,21.3%,2704,191,9118,8731,21.1%,23.6%,3670,59390,13.8%
298,Surya Roshni,7841,7809,329,4.2%,46,16,2224,2166,16.3%,20.7%,5501,6845,10.3%
299,Jain Irrigation Systems,7832,7820,45,0.6%,108,4049,9686,5442,0.8%,5.8%,2431,4390,-7.9%
300,Arvind,7815,7738,337,4.3%,76,1448,5181,3543,10.2%,13%,2727,8641,49.7%
301,ITD Cementation India,7782,7718,274,3.5%,896,889,2442,1494,20.1%,26.8%,4068,7209,96.9%
302,Deepak Nitrite,7735,7682,811,10.5%,465,286,5144,4797,16.4%,21.6%,1549,34308,21.4%
303,Bajaj Holdings & Investment,7669,1702,7267,94.8%,54,63,63034,54248,15%,15.2%,NAVL,99723,48.1%
304,Varroc Engineering,7650,7552,526,6.9%,130,1390,2961,1497,32.3%,14.8%,2555,8541,-7.5%
305,Brakes India,7580,7483,743,9.8%,64,770,4150,3147,22.6%,24.6%,NAVL,NAP,NAP
306,Crompton Greaves Consumer Electricals,7498,7313,440,5.9%,261,683,4340,3000,15.6%,16.9%,2238,23312,34.8%
307,Belrise Industries,7495,7484,314,4.2%,250,2504,4993,2340,14.3%,14.1%,NAVL,NAP,NAP
308,Electrosteel Castings,7472,7478,740,9.9%,400,2332,7763,5113,15.6%,15.5%,2901,10380,39.3%
309,Schaeffler India,7450,7251,899,12.1%,1586,51,4872,4805,19.8%,26.4%,1695,56362,24.9%
310,Thomas Cook India,7436,7299,259,3.5%,1188,418,3145,1452,10.9%,12%,2241,9046,29.9%
311,Sundaram Finance,7286,7274,1436,19.7%,1503,52334,63412,11078,13.6%,9.3%,5822,47582,31.1%
312,Go Digit General Insurance,7269,7269,182,2.5%,356,350,3070,2697,5.4%,5.1%,3970,31986,3.4%
313,JK Paper,7262,7000,1122,15.5%,73,2166,7623,5070,24.9%,21.1%,1662,7245,9.9%
314,Cyient,7237,7147,683,9.4%,984,788,5524,4258,18.2%,20.3%,12875,21618,-1.5%
315,Fortis Healthcare,7224,7176,599,8.3%,598,1155,9859,7663,7.8%,9.7%,2593,36088,80.4%
316,Aegis Logistics,7149,7046,569,8%,1775,2665,7200,3894,18.1%,16.1%,368,21355,169.2%
317,Force Motors,7138,6992,388,5.4%,449,525,2818,2255,18.8%,23.5%,5729,9113,63.9%
318,Motilal Oswal Financial Services,7131,7069,2441,34.2%,12071,13787,22556,8732,32.6%,20.7%,8240,33779,198.7%
319,PNB Housing Finance,7057,7050,1508,21.4%,2607,55017,69991,14974,11.6%,9.2%,2003,21312,6.3%
320,Jaiprakash Associates,7013,6568,-1340,NAP,907,15412,25733,-2594,NAP,0%,4927,3993,-65.3%
321,Trident,6963,6809,350,5%,531,2126,6444,4315,8.2%,10.5%,2297,19617,-14%
322,DLF,6958,6427,2727,39.2%,4384,4834,45502,39431,4.2%,5.7%,2507,203791,21.8%
323,Indian Hotels Co,6952,6769,1259,18.1%,1486,2736,12979,9457,13.7%,15.9%,5756,82872,76.3%
324,JK Lakshmi Cement,6944,6788,472,6.8%,267,2084,5820,3187,16.3%,16.5%,1621,9828,-10.2%
325,Jaiprakash Power Ventures,6907,6763,1022,14.8%,957,4223,15950,11468,10.2%,11.7%,1468,12218,18.4%
326,Whirlpool of India,6872,6830,217,3.2%,2235,231,4365,3689,6.2%,8.3%,2364,21493,15.9%
327,India Infrastructure Finance Co.,6777,5942,1637,24.2%,11544,59340,73326,13986,11.6%,8.7%,NAVL,NAP,NAP
328,Jamnagar Utilities & Power,6770,4733,719,10.6%,473,11833,47371,28521,2.6%,6.4%,NAVL,NAP,NAP
329,Amber Enterprises India,6756,6729,133,2%,691,1539,3957,2064,7%,9.8%,2034,13962,83.5%
330,Culver Max Entertainment,6726,6511,840,12.5%,2796,0,9437,9118,9.7%,12.9%,NAVL,NAP,NAP
331,Jubilant Pharmova,6718,6703,77,1.2%,957,3664,9748,5434,0.8%,6.4%,3747,12042,165%
332,Oracle Fin. Services Software,6715,6373,2219,33.1%,5538,43,8442,7859,29%,37.1%,7890,74216,175.4%
333,Paul Merchants,6675,6670,55,0.8%,41,493,1062,565,10.2%,12.3%,402,307,4.1%
334,Jai Balaji Industries,6668,6414,880,13.2%,91,473,2021,1504,28.7%,27.5%,4440,16133,50.4%
335,RR Kabel,6656,6595,298,4.5%,99,360,2202,1829,18.4%,21.8%,2776,18290,-6.7%
336,FSN E-Commerce Ventures,6616,6386,32,0.5%,240,969,2332,1262,3.3%,6.5%,311,50517,-1.7%
337,Bombay Dyeing,6613,1688,2949,44.6%,479,3,2022,1874,-94.5%,0.9%,424,3886,27.4%
338,Suzlon Energy,6612,6529,660,10%,427,150,4254,3920,3.1%,3.7%,5969,72283,43.7%
339,Lloyds Metals & Energy,6594,6522,1243,18.9%,287,33,2869,2811,57.3%,78.3%,1402,36448,64.4%
340,Muthoot Fincorp,6585,6580,1048,15.9%,3193,31745,37542,4334,26%,12.8%,NAVL,NAP,NAP
341,PCBL,6527,6420,491,7.5%,385,4983,8288,3247,16.2%,14.1%,1003,12443,69.1%
342,Electronics Mart India,6491,6285,184,2.8%,85,1570,2940,1370,14.4%,12.7%,4435,8172,-22.6%
343,Aarti Industries,6474,6372,416,6.4%,130,3242,8708,5290,8.2%,7.3%,2686,22897,-16.5%
344,Mahanagar Gas,6465,6290,1276,19.7%,426,141,5325,5130,27.6%,36.1%,532,14725,11.2%
345,Ujjivan Small Finance Bank,6464,5677,1281,19.8%,2537,33633,40440,5614,26.6%,3.5%,22566,9515,-37.4%
346,Balrampur Chini Mills,6463,5594,534,8.3%,3,2009,5421,3401,13.8%,13.4%,6056,9210,18.1%
347,Ford India,6451,5171,344,5.3%,897,1435,3506,1911,1.8%,2.6%,NAVL,NAP,NAP
348,Alembic Pharmaceuticals,6400,6229,616,9.6%,127,513,5441,4818,13.4%,12.9%,14858,19547,38.3%
349,Polyplex Corporation,6397,6307,38,0.6%,706,748,6589,3511,2.5%,2.8%,548,3213,17.4%
350,ISGEC Heavy Engineering,6387,6219,244,3.8%,192,814,3700,2523,10.6%,11.8%,2979,8437,49.8%
351,Bank of America,6360,5617,1881,29.6%,8304,76137,106784,19376,10.2%,2%,NAVL,NAP,NAP
352,Haier Appliances India,6319,6305,156,2.5%,482,208,2902,2104,7.7%,8.3%,NAVL,NAP,NAP
353,Jayaswal Neco Inds.,6316,5934,210,3.3%,140,3214,5523,2263,7.3%,12.3%,4261,4745,-15.3%
354,Equitas Small Finance Bank,6285,5486,799,12.7%,3579,37917,45319,5969,14.4%,2%,22873,10460,-30.3%
355,Kirloskar Industries,6284,6396,200,3.2%,115,1241,7979,4991,9.7%,14.1%,NAVL,4871,38.4%
356,PVR Inox,6264,6107,-32,NAP,404,8304,15717,7324,NAP,0%,4650,14601,-14.1%
357,Bajaj Hindusthan Sugar,6239,6104,-86,NAP,52,3828,8444,4475,NAP,0%,7374,4471,-6.7%
358,Black Box,6192,6282,138,2.2%,223,712,1308,481,37.2%,26.4%,373,5886,128.8%
359,Pepsico India Holdings,6148,5954,217,3.5%,1065,86,4281,3733,6.4%,9%,NAVL,NAP,NAP
360,Philips India,6138,6000,258,4.2%,273,401,2382,1490,18.9%,17.7%,NAVL,NAP,NAP
361,Abbott India,6116,5875,1201,19.6%,2134,83,3897,3699,34.9%,44.7%,3589,57484,15%
362,KPR Mill,6077,6060,805,13.3%,179,1158,5523,4358,20%,21%,20774,28836,8.7%
363,RattanIndia Enterprises,6040,5610,426,7.1%,165,1184,2041,839,-10.4%,2.9%,NAVL,10661,-7.2%
364,Solar Industries India,6031,6070,836,13.9%,287,1138,4569,3306,29.6%,30.8%,929,81720,40%
365,KRBL,6026,5385,596,9.9%,30,545,5417,4858,12.5%,15.8%,2179,7176,-18.2%
366,City Union Bank,6012,5271,1016,16.9%,6944,60381,70826,8401,12.8%,1.5%,7188,11445,15%
367,Oravel Stays,5962,5389,220,3.7%,710,3844,4773,1860,-1.2%,4.3%,NAVL,NAP,NAP
368,Kirloskar Oil Engines,5946,5898,442,7.4%,505,4142,6885,2676,17.7%,14.7%,2370,14893,111.2%
369,Great Eastern Shipping Company,5919,5255,2614,44.2%,4891,3048,15766,12397,23.1%,19.7%,242,15842,40.4%
370,Jubilant Foodworks,5888,5654,399,6.8%,157,4207,6568,2171,13%,11.2%,8262,36163,16.8%
371,Max Healthcare Institute,5883,5704,1058,18%,1099,1299,10347,8408,13.4%,15%,12697,81519,61.5%
372,Brigade Enterprises,5875,4897,452,7.7%,1737,5470,9275,3641,11.7%,12.2%,859,25930,55%
373,Medplus Health Services,5856,5625,65,1.1%,142,1010,2620,1578,4.3%,6.7%,21716,8312,-14%
374,DCB Bank,5836,5362,536,9.2%,3066,55573,63107,4781,11.8%,0.9%,11325,4003,1%
375,Care Health Insurance,5820,5740,305,5.2%,96,0,2198,2170,15.6%,20.9%,NAVL,NAP,NAP
376,Schwing Stetter India,5815,5396,107,1.8%,5,844,1460,582,19.7%,15.2%,NAVL,NAP,NAP
377,Popular Vehicles & Services,5806,5616,76,1.3%,61,925,1610,653,15.3%,13.8%,1856,1614,-41.7%
378,Astral,5770,5641,546,9.5%,610,119,3393,3187,18.5%,25%,4558,53812,-9.2%
379,Colgate-Palmolive,5736,5680,1324,23.1%,1374,72,1969,1874,73.7%,94.5%,2318,78795,28.7%
380,Sundram Fasteners,5736,5666,522,9.1%,35,647,4111,3421,16.3%,18.5%,2043,26343,-4.5%
381,Triveni Engineering,5708,5220,395,6.9%,78,1424,4370,2901,14.2%,14.6%,1026,8289,1.7%
382,Gland Pharma,5707,5665,772,13.5%,1839,372,9274,8724,9.3%,13.4%,4217,30351,9.9%
383,IFB Industries,5662,5653,50,0.9%,111,164,989,718,6.2%,8.8%,2112,6105,55.6%
384,API Holdings,5617,5664,-2550,NAP,1610,4219,6819,2189,NAP,0%,NAVL,NAP,NAP
385,Godawari Power & Ispat,5589,5455,935,16.7%,870,52,4614,4496,22.3%,29.9%,3442,12018,39.1%
386,Oberoi Realty,5550,4496,1927,34.7%,767,2495,16663,13844,14.8%,16.3%,1024,59441,42.5%
387,Avanti Feeds,5535,5369,357,6.5%,737,17,2718,2365,17.7%,23.9%,755,7585,54.5%
388,Sterlite Technologies,5534,5478,-51,NAP,403,3376,5428,2023,NAP,4.8%,2178,6040,-24.1%
389,Maharashtra Seamless,5510,5404,951,17.3%,56,0,5799,5727,18.1%,22.6%,1060,10519,-32.7%
390,Tamilnad Mercantile Bank,5493,4848,1072,19.5%,3568,50816,61552,7921,14.4%,1.8%,4602,7560,-14.5%
391,Poonawalla Fincorp,5488,5418,1683,30.7%,269,15216,23383,8167,13.9%,10.8%,2384,33100,-1.6%
392,Alok Industries,5436,5510,-847,NAP,217,22473,6278,-19776,NAP,0%,22245,13145,-2.4%
393,H.G. Infra Engineering,5415,5378,539,10%,207,1513,4058,2455,24.6%,24.2%,4848,8185,36.7%
394,Birlasoft,5382,5278,624,11.6%,425,93,3215,3044,22.7%,29.4%,10351,18757,-11.2%
395,Supreme Petrochem,5382,5307,346,6.4%,520,114,2145,2019,17.9%,23.8%,420,13415,24.2%
396,Shipping Corporation of India,5330,5047,679,12.7%,1314,2914,10513,7540,9.4%,8.1%,519,10633,57.8%
397,Redington,5329,5652,1219,22.9%,1621,2958,11017,7549,17.1%,19.8%,1817,15344,22.6%
398,Ola Electric Mobility,5324,5010,-1584,NAP,1663,2710,4904,-954,NAP,0%,959,44142,-24.4%
399,Blue Dart Express,5319,5268,301,5.7%,166,1073,2442,1367,23.6%,19.8%,12541,17355,9.4%
400,Fertilizers & Chemicals Travancore,5309,5055,146,2.8%,2679,1810,3358,1376,29.4%,16%,681,53911,14%
401,GMR Power & Urban Infra,5300,4489,-103,NAP,682,13876,12134,-2917,NAP,0%,863,5383,153.7%
402,Finolex Cables,5281,5014,652,12.3%,98,18,4976,4946,14%,18.5%,958,18693,23.1%
403,JBM Auto,5257,5009,179,3.4%,67,2127,3364,1168,17.6%,14.5%,3097,21746,16.1%
404,Ratnamani Metals & Tubes,5242,5059,623,11.9%,207,153,3468,3141,21.8%,27.5%,1316,23705,-0.5%
405,HL Mando Anand India,5239,5188,338,6.5%,631,217,1738,1489,24.8%,29.1%,NAVL,NAP,NAP
406,Mukand,5237,5175,103,2%,53,1483,2463,921,11.6%,10.6%,670,2401,-23.5%
407,Hitachi Energy India,5224,5237,164,3.1%,128,214,1578,1360,12.7%,17.8%,2375,40372,146%
408,India Cements,5177,5112,-227,NAP,84,2618,8871,5143,NAP,-0.8%,1875,8691,63.1%
409,CreditAccess Grameen,5173,5119,1446,28%,1314,21841,28411,6570,24.8%,14.8%,19395,22065,-45.6%
410,Castrol India,5169,5075,864,16.7%,1200,77,2222,2122,43.1%,56.9%,570,20703,46.2%
411,Laurus Labs,5168,5041,161,3.1%,142,2577,6935,4111,4.1%,6.3%,5753,23367,31.8%
412,Narayana Hrudayalaya,5132,5018,789,15.4%,416,1627,4749,2884,31.5%,25%,11659,25632,3.5%
413,Bayer CropScience,5130,5103,741,14.4%,1164,47,3022,2849,26.6%,32.3%,1317,26736,6.8%
414,Tamil Nadu Newsprint & Papers,5115,4895,208,4.1%,48,1801,4098,2090,10.3%,13.6%,855,1762,-37.4%
415,Hinduja Global Solutions,5088,4616,133,2.6%,881,2107,9818,7488,1.3%,2.5%,11338,4033,-28.7%
416,Swan Energy,5063,5017,301,6%,1320,3449,11780,6279,13.7%,9.5%,137,18083,27.1%
417,Zensar Technologies,5061,4902,665,13.1%,724,187,3858,3562,20.3%,24.9%,10349,14730,32.8%
418,AIA Engineering,5021,4854,1136,22.6%,554,461,7146,6658,18.4%,22.8%,1355,37364,-1.8%
419,Tata Hitachi Construction Machinery Co.,5001,4875,240,4.8%,75,369,1707,1182,22.6%,23.2%,NAVL,NAP,NAP
420,Time Technoplast,4986,4993,310,6.2%,153,829,3446,2550,13.1%,16.3%,2380,6535,114%
421,Wheels India,4974,4977,63,1.3%,5,778,1636,840,7.4%,12.2%,2760,1723,4%
422,HMA Agro Industries,4974,4813,101,2%,115,492,1233,717,16.9%,14.8%,302,2905,-39.1%
423,Indian Renewable Energy Development Agency,4965,4965,1252,25.2%,736,49687,58246,8559,17.3%,9.3%,174,49269,212.6%
424,KPIT Technologies,4945,4872,595,12%,771,329,2698,2146,31.5%,34.6%,8980,43327,-18%
425,V-Guard Industries,4939,4857,258,5.2%,57,401,2232,1814,15.1%,17.3%,3006,16473,36.9%
426,Rajasthan Rajya Vidyut Prasaran Nigam,4931,4575,-1421,NAP,189,12316,17667,2583,NAP,0%,NAVL,NAP,NAP
427,J Kumar Infraprojects,4908,4879,331,6.7%,504,593,3398,2644,13.2%,17.7%,7335,5230,58.3%
428,Shankara Building Products,4880,4828,81,1.7%,34,87,884,798,11.3%,17.4%,881,1570,-14.9%
429,Steel Strips Wheels,4862,4357,675,13.9%,43,1048,2544,1355,21.4%,17.4%,2181,3687,-29%
430,JM Financial,4832,4786,410,8.5%,5444,16228,27284,8491,0.7%,11.3%,300,9688,58.9%
431,Godfrey Phillips India,4828,4455,883,18.3%,25,344,4610,4232,19%,22.1%,969,21143,191.9%
432,Tata Advanced Systems,4827,4793,177,3.7%,159,3713,7151,2812,4.6%,6.7%,NAVL,NAP,NAP
433,USV,4825,4553,1377,28.6%,123,0,5484,5298,28.1%,35.2%,NAVL,NAP,NAP
434,Carborundum Universal,4822,4702,461,9.6%,558,172,3507,3126,16%,20.4%,1007,26410,33.2%
435,LMW,4811,4696,374,7.8%,955,0,2926,2704,14.8%,17.2%,2333,16421,18%
436,Sun TV Network,4797,4282,1925,40.1%,401,38,10590,10536,19.5%,26.3%,1394,28224,9.2%
437,Ageas Federal Life Insurance Co.,4792,4785,107,2.2%,107,0,17564,1165,9.4%,0.8%,NAVL,NAP,NAP
438,Nagarjuna Fertilizers & Chemicals,4776,4765,-1284,NAP,30,3261,-21,-3352,NAP,0%,813,677,10.8%
439,Patel Engineering,4753,4544,290,6.1%,339,1910,6320,3149,7.5%,11%,4580,4861,2.4%
440,Zuari Agro Chemicals,4750,4595,100,2.1%,389,1783,4095,1694,4.6%,8.7%,NAVL,838,40%
441,Saraswat Co-operative Bank,4749,3960,503,10.6%,5765,51284,65420,5405,9.6%,0.8%,NAVL,NAP,NAP
442,Senco Gold,4741,4233,181,3.8%,551,1761,3136,1366,15.8%,13.5%,2366,7444,57.6%
443,Gujarat Ambuja Exports,4722,4610,346,7.3%,19,199,2993,2769,13.3%,16.5%,1371,7226,-33.1%
444,Granules India,4698,4506,405,8.6%,386,1315,4579,3226,13.4%,15.2%,4057,11869,44.7%
445,Konkan Railway Corporation,4692,4462,314,6.7%,367,3971,7149,2022,6.3%,6.1%,NAVL,NAP,NAP
446,Lucas - TVS,4686,4571,150,3.2%,67,288,2244,1767,11.2%,14.6%,NAVL,NAP,NAP
447,Jana Small Finance Bank,4684,4013,670,14.3%,2054,27783,32710,3577,10.8%,2.3%,21800,5784,11.3%
448,SKF India,4679,4570,552,11.8%,1222,12,2731,2683,22%,28.8%,1202,25252,-2.8%
449,HFCL,4669,4465,330,7.1%,336,991,5039,3956,9.6%,13.3%,2114,15865,88.4%
450,Atul,4644,4726,323,7%,72,237,5436,5114,6.6%,9.1%,3255,20073,9.8%
451,Minda Corporation,4637,4651,227,4.9%,192,535,2567,1976,12.6%,14.9%,1846,10909,43.9%
452,West Coast Paper Mills,4628,4448,692,15%,43,276,4234,3242,27%,32.5%,1004,4246,-22.4%
453,Craftsman Automation,4620,4452,304,6.6%,83,1755,3509,1658,22.2%,20.5%,2500,11234,-10.8%
454,Kajaria Ceramics,4610,4578,422,9.2%,514,239,2919,2617,17.5%,21.9%,2545,21075,-9.6%
455,Tata International,4604,4647,-213,NAP,828,3349,3545,151,NAP,0%,NAVL,NAP,NAP
456,KNR Constructions,4593,4429,777,16.9%,411,1262,4799,3554,23.8%,25.4%,2488,8456,11.8%
457,Bharti Axa Life Insurance Company,4591,4356,-146,NAP,150,110,15838,496,NAP,0%,NAVL,NAP,NAP
458,Century Textiles & Industries,4580,4514,51,1.1%,402,2502,7125,3979,1.5%,7.8%,7708,22122,107.9%
459,Finolex Industries,4576,4317,474,10.4%,32,394,6105,5634,9%,11.8%,1313,16764,30.6%
460,Shoppers Stop,4559,4317,77,1.7%,17,2785,3086,301,7.4%,9.1%,8385,8160,-6.5%
461,Bajaj Electricals,4547,4641,131,2.9%,275,215,1718,1441,7.8%,12.2%,1958,11257,-22.2%
462,Adani Total Gas,4537,4475,668,14.7%,456,1557,5154,3580,20.5%,21.1%,508,99048,26.1%
463,Vindhya Telelinks,4531,4087,283,6.2%,171,493,4472,3753,8.1%,11.4%,2600,2826,-16.6%
464,Gujarat Fluorochemicals,4514,4281,435,9.6%,198,2096,8098,5936,7.6%,9.6%,1895,38745,42.9%
465,Page Industries,4506,4825,569,12.6%,321,185,1787,1597,38.4%,44.9%,19461,43276,19.8%
466,Kesoram Industries,4495,4419,-384,NAP,184,2230,2477,95,NAP,0%,1009,5825,80.1%
467,Shriram Life Insurance Company,4460,4368,158,3.5%,305,0,11852,881,18.9%,2.2%,NAVL,NAP,NAP
468,Jindal Poly Films,4460,3926,72,1.6%,116,2655,9654,3994,1.7%,2.8%,273,2909,30.9%
469,IRCTC,4443,4270,1111,25%,2278,60,3478,3230,38.9%,48.9%,2726,74605,14.7%
470,Birla Carbon India,4428,4145,446,10.1%,191,0,3399,3371,13.9%,19.2%,NAVL,NAP,NAP
471,Asahi India Glass,4376,4341,328,7.5%,179,1968,4333,2353,14.7%,14.7%,1923,15023,15.6%
472,Arvind Fashions,4361,4259,81,1.9%,168,1148,2488,1003,6.7%,9.5%,171,6548,35.2%
473,Filatex India,4347,4286,111,2.6%,41,233,1478,1204,9.6%,12.4%,1063,2593,23.5%
474,Howe Engineering Projects India,4341,4226,250,5.8%,61,0,500,471,72.5%,49.2%,NAVL,NAP,NAP
475,Niva Bupa Health Insurance Co.,4335,4116,82,1.9%,143,250,2301,2050,3.4%,3.1%,NAVL,13386,-2%
476,Ajanta Pharma,4333,4209,816,18.8%,131,35,3646,3567,23.5%,31.6%,7844,31062,49.6%
477,Tata Play,4327,4305,-354,NAP,71,2135,3383,-855,NAP,0%,NAVL,NAP,NAP
478,Electrotherm,4291,4272,317,7.4%,62,1770,1014,-781,NAP,21.8%,2431,856,549.7%
479,Angel One,4280,4272,1126,26.3%,9844,2541,5580,3039,43.3%,38.7%,3663,24376,-10.7%
480,Gallantt Ispat,4270,4227,225,5.3%,12,462,2927,2451,9.6%,11.9%,417,6460,215.7%
481,Himadri Speciality Chemical,4264,4185,411,9.6%,731,605,3657,3046,15.4%,18.8%,920,19830,94.3%
482,Tetra-Pak India,4261,4375,293,6.9%,75,260,855,568,55.9%,42.2%,NAVL,NAP,NAP
483,ESAF Small Finance Bank,4260,3818,426,10%,1423,23090,26087,2492,20.2%,1.8%,5967,2937,-43.7%
484,Power Mech Projects,4231,4207,248,5.9%,480,396,2506,1838,16%,21.5%,4681,8390,23.2%
485,3M India,4219,4189,583,13.8%,1358,18,2198,2147,30.5%,39.8%,935,37873,5.6%
486,Honeywell Automation India,4199,4058,501,11.9%,2823,60,3687,3606,14.8%,19.7%,3096,40208,13.1%
487,Remedium Lifecare,4189,4042,33,0.8%,2,58,101,43,122.8%,99.5%,NAVL,781,-76.2%
488,Radico Khaitan,4188,4119,262,6.3%,101,818,3258,2440,11.3%,13.1%,1469,23808,55.2%
489,RSWM,4179,4058,-21,NAP,8,1890,3211,1297,NAP,-0.5%,18622,962,-2.7%
490,Prime Focus,4167,3951,-405,NAP,142,4859,5793,516,NAP,0%,NAVL,3644,15%
491,Prithvi Exchange India,4163,4161,13,0.3%,22,1,45,43,35.1%,45.4%,203,232,192.3%
492,Transrail Lighting,4163,4074,233,5.6%,224,643,1862,1139,24.2%,34%,NAVL,NAP,NAP
493,Kirloskar Brothers,4161,4001,348,8.4%,293,192,2036,1719,21.8%,26.3%,1594,11858,124.7%
494,BEML,4149,4054,282,6.8%,9,71,3620,2668,11.1%,11.7%,1870,15097,65.4%
495,Transport Corporation of India,4146,4024,351,8.5%,96,194,2239,2004,19.1%,20%,4728,7260,29.7%
496,Cochin Shipyard,4140,3830,783,18.9%,3864,502,5551,5003,16.6%,21.1%,805,37837,140.1%
497,Strides Pharma Science,4130,4051,-71,NAP,191,2517,4694,2126,NAP,0%,2364,8910,179.6%
498,Route Mobile,4129,4023,375,9.1%,757,378,2611,2150,19.6%,20.7%,492,9921,-9.6%
499,Gandhar Oil Refinery India,4126,4113,141,3.4%,277,271,1499,1172,17.3%,22.3%,381,2240,-30.9%
500,Jubilant Ingrevia,4118,4136,183,4.4%,80,740,3543,2737,6.8%,9.6%,1959,8939,54.2%
